source_id,song_id,section,section_type,section_index,start_time,end_time,genre,mood,instruments,energy,narrative_role,license,description
10152023_-_018_-__FREE__Big_Scarr_x_Fto_Sett_Type_Beat___Big_Scarr_Freestyle_Type_Beat_-__More_Problems_seg000,"10152023 - 018 - [FREE] Big Scarr x Fto Sett Type Beat | Big Scarr Freestyle Type Beat - ""More Problems""",intro,intro,1,0.0,30.0,trap,dark|atmospheric,808 bass|trap hi-hats,0.30,sparse opening,owned,"intro, 121 BPM, G major, dark trap beat, 808 bass|trap hi-hats, low energy"
10152023_-_018_-__FREE__Big_Scarr_x_Fto_Sett_Type_Beat___Big_Scarr_Freestyle_Type_Beat_-__More_Problems_seg001,"10152023 - 018 - [FREE] Big Scarr x Fto Sett Type Beat | Big Scarr Freestyle Type Beat - ""More Problems""",verse,verse,2,30.0,60.0,trap,dark|atmospheric,808 bass|trap hi-hats,0.60,narrative build,owned,"verse, 121 BPM, G major, dark trap beat, 808 bass|trap hi-hats, medium energy"
10152023_-_018_-__FREE__Big_Scarr_x_Fto_Sett_Type_Beat___Big_Scarr_Freestyle_Type_Beat_-__More_Problems_seg002,"10152023 - 018 - [FREE] Big Scarr x Fto Sett Type Beat | Big Scarr Freestyle Type Beat - ""More Problems""",hook,hook,3,60.0,90.0,trap,dark|atmospheric,808 bass|trap hi-hats,0.90,central hook,owned,"hook, 121 BPM, G major, dark trap beat, 808 bass|trap hi-hats, high energy"
10152023_-_018_-__FREE__Big_Scarr_x_Fto_Sett_Type_Beat___Big_Scarr_Freestyle_Type_Beat_-__More_Problems_seg003,"10152023 - 018 - [FREE] Big Scarr x Fto Sett Type Beat | Big Scarr Freestyle Type Beat - ""More Problems""",verse,verse,4,90.0,120.0,trap,dark|atmospheric,808 bass|trap hi-hats,0.60,narrative build,owned,"verse, 121 BPM, G major, dark trap beat, 808 bass|trap hi-hats, medium energy"
10152023_-_018_-__FREE__Big_Scarr_x_Fto_Sett_Type_Beat___Big_Scarr_Freestyle_Type_Beat_-__More_Problems_seg004,"10152023 - 018 - [FREE] Big Scarr x Fto Sett Type Beat | Big Scarr Freestyle Type Beat - ""More Problems""",hook,hook,5,120.0,150.0,trap,dark|atmospheric,808 bass|trap hi-hats,0.90,central hook,owned,"hook, 121 BPM, G major, dark trap beat, 808 bass|trap hi-hats, high energy"
10152023_-_018_-__FREE__Big_Scarr_x_Fto_Sett_Type_Beat___Big_Scarr_Freestyle_Type_Beat_-__More_Problems_seg005,"10152023 - 018 - [FREE] Big Scarr x Fto Sett Type Beat | Big Scarr Freestyle Type Beat - ""More Problems""",outro,outro,6,150.0,180.0,trap,dark|atmospheric,808 bass|trap hi-hats,0.25,closing,owned,"outro, 121 BPM, G major, dark trap beat, 808 bass|trap hi-hats, low energy"
10152023_-_019_-_No_Cap_x_Gunna_Type_Beat_-_La_Pacho_seg000,10152023 - 019 - No Cap x Gunna Type Beat - La Pacho,intro,intro,1,0.0,30.0,trap,dark|atmospheric,808 bass|trap hi-hats,0.30,sparse opening,owned,"intro, 121 BPM, D minor, dark trap beat, 808 bass|trap hi-hats, low energy"
10152023_-_019_-_No_Cap_x_Gunna_Type_Beat_-_La_Pacho_seg001,10152023 - 019 - No Cap x Gunna Type Beat - La Pacho,verse,verse,2,30.0,60.0,trap,dark|atmospheric,808 bass|trap hi-hats,0.60,narrative build,owned,"verse, 121 BPM, D minor, dark trap beat, 808 bass|trap hi-hats, medium energy"
10152023_-_019_-_No_Cap_x_Gunna_Type_Beat_-_La_Pacho_seg002,10152023 - 019 - No Cap x Gunna Type Beat - La Pacho,hook,hook,3,60.0,90.0,trap,dark|atmospheric,808 bass|trap hi-hats,0.90,central hook,owned,"hook, 121 BPM, D minor, dark trap beat, 808 bass|trap hi-hats, high energy"
10152023_-_019_-_No_Cap_x_Gunna_Type_Beat_-_La_Pacho_seg003,10152023 - 019 - No Cap x Gunna Type Beat - La Pacho,verse,verse,4,90.0,120.0,trap,dark|atmospheric,808 bass|trap hi-hats,0.60,narrative build,owned,"verse, 121 BPM, D minor, dark trap beat, 808 bass|trap hi-hats, medium energy"
10152023_-_019_-_No_Cap_x_Gunna_Type_Beat_-_La_Pacho_seg004,10152023 - 019 - No Cap x Gunna Type Beat - La Pacho,outro,outro,5,120.0,150.0,trap,dark|atmospheric,808 bass|trap hi-hats,0.25,closing,owned,"outro, 121 BPM, D minor, dark trap beat, 808 bass|trap hi-hats, low energy"
10152023_-_020_-__FREE__Gunna_x_Young_Thug_Type_Beat__Exotics_seg000,"10152023 - 020 - (FREE) Gunna x Young Thug Type Beat ""Exotics""",intro,intro,1,0.0,30.0,trap,aggressive|dark,808 bass|trap hi-hats|piano,0.30,sparse opening,owned,"intro, 125 BPM, C minor, aggressive trap beat, 808 bass|trap hi-hats|piano, low energy"
10152023_-_020_-__FREE__Gunna_x_Young_Thug_Type_Beat__Exotics_seg001,"10152023 - 020 - (FREE) Gunna x Young Thug Type Beat ""Exotics""",verse,verse,2,30.0,60.0,trap,aggressive|dark,808 bass|trap hi-hats|piano,0.60,narrative build,owned,"verse, 125 BPM, C minor, aggressive trap beat, 808 bass|trap hi-hats|piano, medium energy"
10152023_-_020_-__FREE__Gunna_x_Young_Thug_Type_Beat__Exotics_seg002,"10152023 - 020 - (FREE) Gunna x Young Thug Type Beat ""Exotics""",hook,hook,3,60.0,90.0,trap,aggressive|dark,808 bass|trap hi-hats|piano,0.90,central hook,owned,"hook, 125 BPM, C minor, aggressive trap beat, 808 bass|trap hi-hats|piano, high energy"
10152023_-_020_-__FREE__Gunna_x_Young_Thug_Type_Beat__Exotics_seg003,"10152023 - 020 - (FREE) Gunna x Young Thug Type Beat ""Exotics""",verse,verse,4,90.0,120.0,trap,aggressive|dark,808 bass|trap hi-hats|piano,0.60,narrative build,owned,"verse, 125 BPM, C minor, aggressive trap beat, 808 bass|trap hi-hats|piano, medium energy"
10152023_-_020_-__FREE__Gunna_x_Young_Thug_Type_Beat__Exotics_seg004,"10152023 - 020 - (FREE) Gunna x Young Thug Type Beat ""Exotics""",hook,hook,5,120.0,150.0,trap,aggressive|dark,808 bass|trap hi-hats|piano,0.90,central hook,owned,"hook, 125 BPM, C minor, aggressive trap beat, 808 bass|trap hi-hats|piano, high energy"
10152023_-_020_-__FREE__Gunna_x_Young_Thug_Type_Beat__Exotics_seg005,"10152023 - 020 - (FREE) Gunna x Young Thug Type Beat ""Exotics""",outro,outro,6,150.0,180.0,trap,aggressive|dark,808 bass|trap hi-hats|piano,0.25,closing,owned,"outro, 125 BPM, C minor, aggressive trap beat, 808 bass|trap hi-hats|piano, low energy"
10152023_-_021_-_Future_Type_Beat_-_Tabu__prod_kaverr_x_blxkdalegend_seg000,10152023 - 021 - Future Type Beat - Tabu (prod kaverr x blxkdalegend),intro,intro,1,0.0,30.0,trap,dark|atmospheric,808 bass|trap hi-hats,0.30,sparse opening,owned,"intro, 104 BPM, C# minor, dark trap beat, 808 bass|trap hi-hats, low energy"
10152023_-_021_-_Future_Type_Beat_-_Tabu__prod_kaverr_x_blxkdalegend_seg001,10152023 - 021 - Future Type Beat - Tabu (prod kaverr x blxkdalegend),verse,verse,2,30.0,60.0,trap,dark|atmospheric,808 bass|trap hi-hats,0.60,narrative build,owned,"verse, 104 BPM, C# minor, dark trap beat, 808 bass|trap hi-hats, medium energy"
10152023_-_021_-_Future_Type_Beat_-_Tabu__prod_kaverr_x_blxkdalegend_seg002,10152023 - 021 - Future Type Beat - Tabu (prod kaverr x blxkdalegend),hook,hook,3,60.0,90.0,trap,dark|atmospheric,808 bass|trap hi-hats,0.90,central hook,owned,"hook, 104 BPM, C# minor, dark trap beat, 808 bass|trap hi-hats, high energy"
10152023_-_021_-_Future_Type_Beat_-_Tabu__prod_kaverr_x_blxkdalegend_seg003,10152023 - 021 - Future Type Beat - Tabu (prod kaverr x blxkdalegend),verse,verse,4,90.0,120.0,trap,dark|atmospheric,808 bass|trap hi-hats,0.60,narrative build,owned,"verse, 104 BPM, C# minor, dark trap beat, 808 bass|trap hi-hats, medium energy"
10152023_-_021_-_Future_Type_Beat_-_Tabu__prod_kaverr_x_blxkdalegend_seg004,10152023 - 021 - Future Type Beat - Tabu (prod kaverr x blxkdalegend),hook,hook,5,120.0,150.0,trap,dark|atmospheric,808 bass|trap hi-hats,0.90,central hook,owned,"hook, 104 BPM, C# minor, dark trap beat, 808 bass|trap hi-hats, high energy"
10152023_-_021_-_Future_Type_Beat_-_Tabu__prod_kaverr_x_blxkdalegend_seg005,10152023 - 021 - Future Type Beat - Tabu (prod kaverr x blxkdalegend),outro,outro,6,150.0,180.0,trap,dark|atmospheric,808 bass|trap hi-hats,0.25,closing,owned,"outro, 104 BPM, C# minor, dark trap beat, 808 bass|trap hi-hats, low energy"
10152023_-_022_-__FREE__Jaydayoungan_Type_Beat__Run_It____Prod._GD_Beats__gd_seg000,"10152023 - 022 - [FREE] Jaydayoungan Type Beat ""Run It"" | Prod. GD Beats (@gd.beats)",intro,intro,1,0.0,30.0,trap,dark|atmospheric,808 bass|trap hi-hats,0.30,sparse opening,owned,"intro, 107 BPM, D minor, dark trap beat, 808 bass|trap hi-hats, low energy"
10152023_-_022_-__FREE__Jaydayoungan_Type_Beat__Run_It____Prod._GD_Beats__gd_seg001,"10152023 - 022 - [FREE] Jaydayoungan Type Beat ""Run It"" | Prod. GD Beats (@gd.beats)",verse,verse,2,30.0,60.0,trap,dark|atmospheric,808 bass|trap hi-hats,0.60,narrative build,owned,"verse, 107 BPM, D minor, dark trap beat, 808 bass|trap hi-hats, medium energy"
10152023_-_022_-__FREE__Jaydayoungan_Type_Beat__Run_It____Prod._GD_Beats__gd_seg002,"10152023 - 022 - [FREE] Jaydayoungan Type Beat ""Run It"" | Prod. GD Beats (@gd.beats)",hook,hook,3,60.0,90.0,trap,dark|atmospheric,808 bass|trap hi-hats,0.90,central hook,owned,"hook, 107 BPM, D minor, dark trap beat, 808 bass|trap hi-hats, high energy"
10152023_-_022_-__FREE__Jaydayoungan_Type_Beat__Run_It____Prod._GD_Beats__gd_seg003,"10152023 - 022 - [FREE] Jaydayoungan Type Beat ""Run It"" | Prod. GD Beats (@gd.beats)",verse,verse,4,90.0,120.0,trap,dark|atmospheric,808 bass|trap hi-hats,0.60,narrative build,owned,"verse, 107 BPM, D minor, dark trap beat, 808 bass|trap hi-hats, medium energy"
10152023_-_022_-__FREE__Jaydayoungan_Type_Beat__Run_It____Prod._GD_Beats__gd_seg004,"10152023 - 022 - [FREE] Jaydayoungan Type Beat ""Run It"" | Prod. GD Beats (@gd.beats)",hook,hook,5,120.0,150.0,trap,dark|atmospheric,808 bass|trap hi-hats,0.90,central hook,owned,"hook, 107 BPM, D minor, dark trap beat, 808 bass|trap hi-hats, high energy"
10152023_-_022_-__FREE__Jaydayoungan_Type_Beat__Run_It____Prod._GD_Beats__gd_seg005,"10152023 - 022 - [FREE] Jaydayoungan Type Beat ""Run It"" | Prod. GD Beats (@gd.beats)",verse,verse,6,150.0,180.0,trap,dark|atmospheric,808 bass|trap hi-hats,0.60,narrative build,owned,"verse, 107 BPM, D minor, dark trap beat, 808 bass|trap hi-hats, medium energy"
10152023_-_022_-__FREE__Jaydayoungan_Type_Beat__Run_It____Prod._GD_Beats__gd_seg006,"10152023 - 022 - [FREE] Jaydayoungan Type Beat ""Run It"" | Prod. GD Beats (@gd.beats)",outro,outro,7,180.0,210.0,trap,dark|atmospheric,808 bass|trap hi-hats,0.25,closing,owned,"outro, 107 BPM, D minor, dark trap beat, 808 bass|trap hi-hats, low energy"
10152023_-_023_-_Wygus__CBW__Mata_-_Ma_olat_i_Pezet__Official_Instrumental__prod_seg000,"10152023 - 023 - Wyguś, CBW, Mata - Małolat i Pezet (Official Instrumental) prod. by Pesto",intro,intro,1,0.0,30.0,trap,dark|atmospheric,808 bass|trap hi-hats,0.30,sparse opening,owned,"intro, 83 BPM, D# minor, dark trap beat, 808 bass|trap hi-hats, low energy"
10152023_-_023_-_Wygus__CBW__Mata_-_Ma_olat_i_Pezet__Official_Instrumental__prod_seg001,"10152023 - 023 - Wyguś, CBW, Mata - Małolat i Pezet (Official Instrumental) prod. by Pesto",verse,verse,2,30.0,60.0,trap,dark|atmospheric,808 bass|trap hi-hats,0.60,narrative build,owned,"verse, 83 BPM, D# minor, dark trap beat, 808 bass|trap hi-hats, medium energy"
10152023_-_023_-_Wygus__CBW__Mata_-_Ma_olat_i_Pezet__Official_Instrumental__prod_seg002,"10152023 - 023 - Wyguś, CBW, Mata - Małolat i Pezet (Official Instrumental) prod. by Pesto",hook,hook,3,60.0,90.0,trap,dark|atmospheric,808 bass|trap hi-hats,0.90,central hook,owned,"hook, 83 BPM, D# minor, dark trap beat, 808 bass|trap hi-hats, high energy"
10152023_-_023_-_Wygus__CBW__Mata_-_Ma_olat_i_Pezet__Official_Instrumental__prod_seg003,"10152023 - 023 - Wyguś, CBW, Mata - Małolat i Pezet (Official Instrumental) prod. by Pesto",verse,verse,4,90.0,120.0,trap,dark|atmospheric,808 bass|trap hi-hats,0.60,narrative build,owned,"verse, 83 BPM, D# minor, dark trap beat, 808 bass|trap hi-hats, medium energy"
10152023_-_023_-_Wygus__CBW__Mata_-_Ma_olat_i_Pezet__Official_Instrumental__prod_seg004,"10152023 - 023 - Wyguś, CBW, Mata - Małolat i Pezet (Official Instrumental) prod. by Pesto",hook,hook,5,120.0,150.0,trap,dark|atmospheric,808 bass|trap hi-hats,0.90,central hook,owned,"hook, 83 BPM, D# minor, dark trap beat, 808 bass|trap hi-hats, high energy"
10152023_-_023_-_Wygus__CBW__Mata_-_Ma_olat_i_Pezet__Official_Instrumental__prod_seg005,"10152023 - 023 - Wyguś, CBW, Mata - Małolat i Pezet (Official Instrumental) prod. by Pesto",verse,verse,6,150.0,180.0,trap,dark|atmospheric,808 bass|trap hi-hats,0.60,narrative build,owned,"verse, 83 BPM, D# minor, dark trap beat, 808 bass|trap hi-hats, medium energy"
10152023_-_023_-_Wygus__CBW__Mata_-_Ma_olat_i_Pezet__Official_Instrumental__prod_seg006,"10152023 - 023 - Wyguś, CBW, Mata - Małolat i Pezet (Official Instrumental) prod. by Pesto",outro,outro,7,180.0,210.0,trap,dark|atmospheric,808 bass|trap hi-hats,0.25,closing,owned,"outro, 83 BPM, D# minor, dark trap beat, 808 bass|trap hi-hats, low energy"
10152023_-_024_-__FREE__GUNNA_X_TRAVIS_SCOTT_TYPE_BEAT_-__LEVEL_UP_seg000,10152023 - 024 - (FREE) GUNNA X TRAVIS SCOTT TYPE BEAT - ''LEVEL UP'',intro,intro,1,0.0,30.0,trap,dark|atmospheric,808 bass|trap hi-hats,0.30,sparse opening,owned,"intro, 121 BPM, E minor, dark trap beat, 808 bass|trap hi-hats, low energy"
10152023_-_024_-__FREE__GUNNA_X_TRAVIS_SCOTT_TYPE_BEAT_-__LEVEL_UP_seg001,10152023 - 024 - (FREE) GUNNA X TRAVIS SCOTT TYPE BEAT - ''LEVEL UP'',verse,verse,2,30.0,60.0,trap,dark|atmospheric,808 bass|trap hi-hats,0.60,narrative build,owned,"verse, 121 BPM, E minor, dark trap beat, 808 bass|trap hi-hats, medium energy"
10152023_-_024_-__FREE__GUNNA_X_TRAVIS_SCOTT_TYPE_BEAT_-__LEVEL_UP_seg002,10152023 - 024 - (FREE) GUNNA X TRAVIS SCOTT TYPE BEAT - ''LEVEL UP'',hook,hook,3,60.0,90.0,trap,dark|atmospheric,808 bass|trap hi-hats,0.90,central hook,owned,"hook, 121 BPM, E minor, dark trap beat, 808 bass|trap hi-hats, high energy"
10152023_-_024_-__FREE__GUNNA_X_TRAVIS_SCOTT_TYPE_BEAT_-__LEVEL_UP_seg003,10152023 - 024 - (FREE) GUNNA X TRAVIS SCOTT TYPE BEAT - ''LEVEL UP'',verse,verse,4,90.0,120.0,trap,dark|atmospheric,808 bass|trap hi-hats,0.60,narrative build,owned,"verse, 121 BPM, E minor, dark trap beat, 808 bass|trap hi-hats, medium energy"
10152023_-_024_-__FREE__GUNNA_X_TRAVIS_SCOTT_TYPE_BEAT_-__LEVEL_UP_seg004,10152023 - 024 - (FREE) GUNNA X TRAVIS SCOTT TYPE BEAT - ''LEVEL UP'',hook,hook,5,120.0,150.0,trap,dark|atmospheric,808 bass|trap hi-hats,0.90,central hook,owned,"hook, 121 BPM, E minor, dark trap beat, 808 bass|trap hi-hats, high energy"
10152023_-_024_-__FREE__GUNNA_X_TRAVIS_SCOTT_TYPE_BEAT_-__LEVEL_UP_seg005,10152023 - 024 - (FREE) GUNNA X TRAVIS SCOTT TYPE BEAT - ''LEVEL UP'',verse,verse,6,150.0,180.0,trap,dark|atmospheric,808 bass|trap hi-hats,0.60,narrative build,owned,"verse, 121 BPM, E minor, dark trap beat, 808 bass|trap hi-hats, medium energy"
10152023_-_024_-__FREE__GUNNA_X_TRAVIS_SCOTT_TYPE_BEAT_-__LEVEL_UP_seg006,10152023 - 024 - (FREE) GUNNA X TRAVIS SCOTT TYPE BEAT - ''LEVEL UP'',outro,outro,7,180.0,210.0,trap,dark|atmospheric,808 bass|trap hi-hats,0.25,closing,owned,"outro, 121 BPM, E minor, dark trap beat, 808 bass|trap hi-hats, low energy"
10152023_-_025_-__FREE__TAKEOFF_X_DRAKE_X_GUNNA_TYPE_BEAT__VOICES_IN_YOUR_HEAD_seg000,"10152023 - 025 - [FREE] TAKEOFF X DRAKE X GUNNA TYPE BEAT ""VOICES IN YOUR HEAD""",intro,intro,1,0.0,30.0,trap,dark|atmospheric,808 bass|trap hi-hats,0.30,sparse opening,owned,"intro, 114 BPM, F# minor, dark trap beat, 808 bass|trap hi-hats, low energy"
10152023_-_025_-__FREE__TAKEOFF_X_DRAKE_X_GUNNA_TYPE_BEAT__VOICES_IN_YOUR_HEAD_seg001,"10152023 - 025 - [FREE] TAKEOFF X DRAKE X GUNNA TYPE BEAT ""VOICES IN YOUR HEAD""",verse,verse,2,30.0,60.0,trap,dark|atmospheric,808 bass|trap hi-hats,0.60,narrative build,owned,"verse, 114 BPM, F# minor, dark trap beat, 808 bass|trap hi-hats, medium energy"
10152023_-_025_-__FREE__TAKEOFF_X_DRAKE_X_GUNNA_TYPE_BEAT__VOICES_IN_YOUR_HEAD_seg002,"10152023 - 025 - [FREE] TAKEOFF X DRAKE X GUNNA TYPE BEAT ""VOICES IN YOUR HEAD""",hook,hook,3,60.0,90.0,trap,dark|atmospheric,808 bass|trap hi-hats,0.90,central hook,owned,"hook, 114 BPM, F# minor, dark trap beat, 808 bass|trap hi-hats, high energy"
10152023_-_025_-__FREE__TAKEOFF_X_DRAKE_X_GUNNA_TYPE_BEAT__VOICES_IN_YOUR_HEAD_seg003,"10152023 - 025 - [FREE] TAKEOFF X DRAKE X GUNNA TYPE BEAT ""VOICES IN YOUR HEAD""",verse,verse,4,90.0,120.0,trap,dark|atmospheric,808 bass|trap hi-hats,0.60,narrative build,owned,"verse, 114 BPM, F# minor, dark trap beat, 808 bass|trap hi-hats, medium energy"
10152023_-_025_-__FREE__TAKEOFF_X_DRAKE_X_GUNNA_TYPE_BEAT__VOICES_IN_YOUR_HEAD_seg004,"10152023 - 025 - [FREE] TAKEOFF X DRAKE X GUNNA TYPE BEAT ""VOICES IN YOUR HEAD""",hook,hook,5,120.0,150.0,trap,dark|atmospheric,808 bass|trap hi-hats,0.90,central hook,owned,"hook, 114 BPM, F# minor, dark trap beat, 808 bass|trap hi-hats, high energy"
10152023_-_025_-__FREE__TAKEOFF_X_DRAKE_X_GUNNA_TYPE_BEAT__VOICES_IN_YOUR_HEAD_seg005,"10152023 - 025 - [FREE] TAKEOFF X DRAKE X GUNNA TYPE BEAT ""VOICES IN YOUR HEAD""",verse,verse,6,150.0,180.0,trap,dark|atmospheric,808 bass|trap hi-hats,0.60,narrative build,owned,"verse, 114 BPM, F# minor, dark trap beat, 808 bass|trap hi-hats, medium energy"
10152023_-_025_-__FREE__TAKEOFF_X_DRAKE_X_GUNNA_TYPE_BEAT__VOICES_IN_YOUR_HEAD_seg006,"10152023 - 025 - [FREE] TAKEOFF X DRAKE X GUNNA TYPE BEAT ""VOICES IN YOUR HEAD""",bridge,bridge,7,180.0,210.0,trap,dark|atmospheric,808 bass|trap hi-hats,0.50,transition,owned,"bridge, 114 BPM, F# minor, dark trap beat, 808 bass|trap hi-hats, medium energy"
10152023_-_025_-__FREE__TAKEOFF_X_DRAKE_X_GUNNA_TYPE_BEAT__VOICES_IN_YOUR_HEAD_seg007,"10152023 - 025 - [FREE] TAKEOFF X DRAKE X GUNNA TYPE BEAT ""VOICES IN YOUR HEAD""",outro,outro,8,210.0,240.0,trap,dark|atmospheric,808 bass|trap hi-hats,0.25,closing,owned,"outro, 114 BPM, F# minor, dark trap beat, 808 bass|trap hi-hats, low energy"
10152023_-_026_-_Piano_Gunna_Type_Beat_-_More_Life_seg000,10152023 - 026 - Piano Gunna Type Beat - More Life,intro,intro,1,0.0,30.0,trap,dark|atmospheric,808 bass|trap hi-hats,0.30,sparse opening,owned,"intro, 125 BPM, F minor, dark trap beat, 808 bass|trap hi-hats, low energy"
10152023_-_026_-_Piano_Gunna_Type_Beat_-_More_Life_seg001,10152023 - 026 - Piano Gunna Type Beat - More Life,verse,verse,2,30.0,60.0,trap,dark|atmospheric,808 bass|trap hi-hats,0.60,narrative build,owned,"verse, 125 BPM, F minor, dark trap beat, 808 bass|trap hi-hats, medium energy"
10152023_-_026_-_Piano_Gunna_Type_Beat_-_More_Life_seg002,10152023 - 026 - Piano Gunna Type Beat - More Life,hook,hook,3,60.0,90.0,trap,dark|atmospheric,808 bass|trap hi-hats,0.90,central hook,owned,"hook, 125 BPM, F minor, dark trap beat, 808 bass|trap hi-hats, high energy"
10152023_-_026_-_Piano_Gunna_Type_Beat_-_More_Life_seg003,10152023 - 026 - Piano Gunna Type Beat - More Life,verse,verse,4,90.0,120.0,trap,dark|atmospheric,808 bass|trap hi-hats,0.60,narrative build,owned,"verse, 125 BPM, F minor, dark trap beat, 808 bass|trap hi-hats, medium energy"
10152023_-_026_-_Piano_Gunna_Type_Beat_-_More_Life_seg004,10152023 - 026 - Piano Gunna Type Beat - More Life,hook,hook,5,120.0,150.0,trap,dark|atmospheric,808 bass|trap hi-hats,0.90,central hook,owned,"hook, 125 BPM, F minor, dark trap beat, 808 bass|trap hi-hats, high energy"
10152023_-_026_-_Piano_Gunna_Type_Beat_-_More_Life_seg005,10152023 - 026 - Piano Gunna Type Beat - More Life,verse,verse,6,150.0,180.0,trap,dark|atmospheric,808 bass|trap hi-hats,0.60,narrative build,owned,"verse, 125 BPM, F minor, dark trap beat, 808 bass|trap hi-hats, medium energy"
10152023_-_026_-_Piano_Gunna_Type_Beat_-_More_Life_seg006,10152023 - 026 - Piano Gunna Type Beat - More Life,outro,outro,7,180.0,210.0,trap,dark|atmospheric,808 bass|trap hi-hats,0.25,closing,owned,"outro, 125 BPM, F minor, dark trap beat, 808 bass|trap hi-hats, low energy"
10152023_-_027_-__FREE__GUNNA_X_YOUNG_THUG_TYPE_BEAT_-__EXPERIMENT_seg000,10152023 - 027 - (FREE) GUNNA X YOUNG THUG TYPE BEAT - ''EXPERIMENT'',intro,intro,1,0.0,30.0,trap,aggressive|dark,808 bass|trap hi-hats|piano,0.30,sparse opening,owned,"intro, 129 BPM, E minor, aggressive trap beat, 808 bass|trap hi-hats|piano, low energy"
10152023_-_027_-__FREE__GUNNA_X_YOUNG_THUG_TYPE_BEAT_-__EXPERIMENT_seg001,10152023 - 027 - (FREE) GUNNA X YOUNG THUG TYPE BEAT - ''EXPERIMENT'',verse,verse,2,30.0,60.0,trap,aggressive|dark,808 bass|trap hi-hats|piano,0.60,narrative build,owned,"verse, 129 BPM, E minor, aggressive trap beat, 808 bass|trap hi-hats|piano, medium energy"
10152023_-_027_-__FREE__GUNNA_X_YOUNG_THUG_TYPE_BEAT_-__EXPERIMENT_seg002,10152023 - 027 - (FREE) GUNNA X YOUNG THUG TYPE BEAT - ''EXPERIMENT'',hook,hook,3,60.0,90.0,trap,aggressive|dark,808 bass|trap hi-hats|piano,0.90,central hook,owned,"hook, 129 BPM, E minor, aggressive trap beat, 808 bass|trap hi-hats|piano, high energy"
10152023_-_027_-__FREE__GUNNA_X_YOUNG_THUG_TYPE_BEAT_-__EXPERIMENT_seg003,10152023 - 027 - (FREE) GUNNA X YOUNG THUG TYPE BEAT - ''EXPERIMENT'',verse,verse,4,90.0,120.0,trap,aggressive|dark,808 bass|trap hi-hats|piano,0.60,narrative build,owned,"verse, 129 BPM, E minor, aggressive trap beat, 808 bass|trap hi-hats|piano, medium energy"
10152023_-_027_-__FREE__GUNNA_X_YOUNG_THUG_TYPE_BEAT_-__EXPERIMENT_seg004,10152023 - 027 - (FREE) GUNNA X YOUNG THUG TYPE BEAT - ''EXPERIMENT'',hook,hook,5,120.0,150.0,trap,aggressive|dark,808 bass|trap hi-hats|piano,0.90,central hook,owned,"hook, 129 BPM, E minor, aggressive trap beat, 808 bass|trap hi-hats|piano, high energy"
10152023_-_027_-__FREE__GUNNA_X_YOUNG_THUG_TYPE_BEAT_-__EXPERIMENT_seg005,10152023 - 027 - (FREE) GUNNA X YOUNG THUG TYPE BEAT - ''EXPERIMENT'',outro,outro,6,150.0,180.0,trap,aggressive|dark,808 bass|trap hi-hats|piano,0.25,closing,owned,"outro, 129 BPM, E minor, aggressive trap beat, 808 bass|trap hi-hats|piano, low energy"
10152023_-_028_-__FREE__Jaydayoungan_Type_Beat__Overtime____Prod._GD_Beats__gd_seg000,"10152023 - 028 - [FREE] Jaydayoungan Type Beat ""Overtime"" | Prod. GD Beats (@gd.beats)",intro,intro,1,0.0,30.0,trap,dark|atmospheric,808 bass|trap hi-hats,0.30,sparse opening,owned,"intro, 83 BPM, C major, dark trap beat, 808 bass|trap hi-hats, low energy"
10152023_-_028_-__FREE__Jaydayoungan_Type_Beat__Overtime____Prod._GD_Beats__gd_seg001,"10152023 - 028 - [FREE] Jaydayoungan Type Beat ""Overtime"" | Prod. GD Beats (@gd.beats)",verse,verse,2,30.0,60.0,trap,dark|atmospheric,808 bass|trap hi-hats,0.60,narrative build,owned,"verse, 83 BPM, C major, dark trap beat, 808 bass|trap hi-hats, medium energy"
10152023_-_028_-__FREE__Jaydayoungan_Type_Beat__Overtime____Prod._GD_Beats__gd_seg002,"10152023 - 028 - [FREE] Jaydayoungan Type Beat ""Overtime"" | Prod. GD Beats (@gd.beats)",hook,hook,3,60.0,90.0,trap,dark|atmospheric,808 bass|trap hi-hats,0.90,central hook,owned,"hook, 83 BPM, C major, dark trap beat, 808 bass|trap hi-hats, high energy"
10152023_-_028_-__FREE__Jaydayoungan_Type_Beat__Overtime____Prod._GD_Beats__gd_seg003,"10152023 - 028 - [FREE] Jaydayoungan Type Beat ""Overtime"" | Prod. GD Beats (@gd.beats)",verse,verse,4,90.0,120.0,trap,dark|atmospheric,808 bass|trap hi-hats,0.60,narrative build,owned,"verse, 83 BPM, C major, dark trap beat, 808 bass|trap hi-hats, medium energy"
10152023_-_028_-__FREE__Jaydayoungan_Type_Beat__Overtime____Prod._GD_Beats__gd_seg004,"10152023 - 028 - [FREE] Jaydayoungan Type Beat ""Overtime"" | Prod. GD Beats (@gd.beats)",hook,hook,5,120.0,150.0,trap,dark|atmospheric,808 bass|trap hi-hats,0.90,central hook,owned,"hook, 83 BPM, C major, dark trap beat, 808 bass|trap hi-hats, high energy"
10152023_-_028_-__FREE__Jaydayoungan_Type_Beat__Overtime____Prod._GD_Beats__gd_seg005,"10152023 - 028 - [FREE] Jaydayoungan Type Beat ""Overtime"" | Prod. GD Beats (@gd.beats)",verse,verse,6,150.0,180.0,trap,dark|atmospheric,808 bass|trap hi-hats,0.60,narrative build,owned,"verse, 83 BPM, C major, dark trap beat, 808 bass|trap hi-hats, medium energy"
10152023_-_028_-__FREE__Jaydayoungan_Type_Beat__Overtime____Prod._GD_Beats__gd_seg006,"10152023 - 028 - [FREE] Jaydayoungan Type Beat ""Overtime"" | Prod. GD Beats (@gd.beats)",outro,outro,7,180.0,210.0,trap,dark|atmospheric,808 bass|trap hi-hats,0.25,closing,owned,"outro, 83 BPM, C major, dark trap beat, 808 bass|trap hi-hats, low energy"
10152023_-_029_-__FREE__Kodak_Black_Type_Beat_-__Dreams_Come_True_seg000,"10152023 - 029 - (FREE) Kodak Black Type Beat - ""Dreams Come True""",intro,intro,1,0.0,30.0,melodic trap,emotional|reflective,808 bass|bells|trap hi-hats,0.30,sparse opening,owned,"intro, 117 BPM, D# major, emotional melodic trap beat, 808 bass|bells|trap hi-hats, low energy"
10152023_-_029_-__FREE__Kodak_Black_Type_Beat_-__Dreams_Come_True_seg001,"10152023 - 029 - (FREE) Kodak Black Type Beat - ""Dreams Come True""",verse,verse,2,30.0,60.0,melodic trap,emotional|reflective,808 bass|bells|trap hi-hats,0.60,narrative build,owned,"verse, 117 BPM, D# major, emotional melodic trap beat, 808 bass|bells|trap hi-hats, medium energy"
10152023_-_029_-__FREE__Kodak_Black_Type_Beat_-__Dreams_Come_True_seg002,"10152023 - 029 - (FREE) Kodak Black Type Beat - ""Dreams Come True""",hook,hook,3,60.0,90.0,melodic trap,emotional|reflective,808 bass|bells|trap hi-hats,0.90,central hook,owned,"hook, 117 BPM, D# major, emotional melodic trap beat, 808 bass|bells|trap hi-hats, high energy"
10152023_-_029_-__FREE__Kodak_Black_Type_Beat_-__Dreams_Come_True_seg003,"10152023 - 029 - (FREE) Kodak Black Type Beat - ""Dreams Come True""",verse,verse,4,90.0,120.0,melodic trap,emotional|reflective,808 bass|bells|trap hi-hats,0.60,narrative build,owned,"verse, 117 BPM, D# major, emotional melodic trap beat, 808 bass|bells|trap hi-hats, medium energy"
10152023_-_029_-__FREE__Kodak_Black_Type_Beat_-__Dreams_Come_True_seg004,"10152023 - 029 - (FREE) Kodak Black Type Beat - ""Dreams Come True""",hook,hook,5,120.0,150.0,melodic trap,emotional|reflective,808 bass|bells|trap hi-hats,0.90,central hook,owned,"hook, 117 BPM, D# major, emotional melodic trap beat, 808 bass|bells|trap hi-hats, high energy"
10152023_-_029_-__FREE__Kodak_Black_Type_Beat_-__Dreams_Come_True_seg005,"10152023 - 029 - (FREE) Kodak Black Type Beat - ""Dreams Come True""",verse,verse,6,150.0,180.0,melodic trap,emotional|reflective,808 bass|bells|trap hi-hats,0.60,narrative build,owned,"verse, 117 BPM, D# major, emotional melodic trap beat, 808 bass|bells|trap hi-hats, medium energy"
10152023_-_029_-__FREE__Kodak_Black_Type_Beat_-__Dreams_Come_True_seg006,"10152023 - 029 - (FREE) Kodak Black Type Beat - ""Dreams Come True""",bridge,bridge,7,180.0,210.0,melodic trap,emotional|reflective,808 bass|bells|trap hi-hats,0.50,transition,owned,"bridge, 117 BPM, D# major, emotional melodic trap beat, 808 bass|bells|trap hi-hats, medium energy"
10152023_-_029_-__FREE__Kodak_Black_Type_Beat_-__Dreams_Come_True_seg007,"10152023 - 029 - (FREE) Kodak Black Type Beat - ""Dreams Come True""",outro,outro,8,210.0,240.0,melodic trap,emotional|reflective,808 bass|bells|trap hi-hats,0.25,closing,owned,"outro, 117 BPM, D# major, emotional melodic trap beat, 808 bass|bells|trap hi-hats, low energy"
10152023_-_030_-__FREE__Gunna_x_Young_Thug_Type_Beat__Rolex_seg000,"10152023 - 030 - (FREE) Gunna x Young Thug Type Beat ""Rolex""",intro,intro,1,0.0,30.0,trap,aggressive|dark,808 bass|trap hi-hats|piano,0.30,sparse opening,owned,"intro, 77 BPM, F minor, aggressive trap beat, 808 bass|trap hi-hats|piano, low energy"
10152023_-_030_-__FREE__Gunna_x_Young_Thug_Type_Beat__Rolex_seg001,"10152023 - 030 - (FREE) Gunna x Young Thug Type Beat ""Rolex""",verse,verse,2,30.0,60.0,trap,aggressive|dark,808 bass|trap hi-hats|piano,0.60,narrative build,owned,"verse, 77 BPM, F minor, aggressive trap beat, 808 bass|trap hi-hats|piano, medium energy"
10152023_-_030_-__FREE__Gunna_x_Young_Thug_Type_Beat__Rolex_seg002,"10152023 - 030 - (FREE) Gunna x Young Thug Type Beat ""Rolex""",hook,hook,3,60.0,90.0,trap,aggressive|dark,808 bass|trap hi-hats|piano,0.90,central hook,owned,"hook, 77 BPM, F minor, aggressive trap beat, 808 bass|trap hi-hats|piano, high energy"
10152023_-_030_-__FREE__Gunna_x_Young_Thug_Type_Beat__Rolex_seg003,"10152023 - 030 - (FREE) Gunna x Young Thug Type Beat ""Rolex""",verse,verse,4,90.0,120.0,trap,aggressive|dark,808 bass|trap hi-hats|piano,0.60,narrative build,owned,"verse, 77 BPM, F minor, aggressive trap beat, 808 bass|trap hi-hats|piano, medium energy"
10152023_-_030_-__FREE__Gunna_x_Young_Thug_Type_Beat__Rolex_seg004,"10152023 - 030 - (FREE) Gunna x Young Thug Type Beat ""Rolex""",hook,hook,5,120.0,150.0,trap,aggressive|dark,808 bass|trap hi-hats|piano,0.90,central hook,owned,"hook, 77 BPM, F minor, aggressive trap beat, 808 bass|trap hi-hats|piano, high energy"
10152023_-_030_-__FREE__Gunna_x_Young_Thug_Type_Beat__Rolex_seg005,"10152023 - 030 - (FREE) Gunna x Young Thug Type Beat ""Rolex""",verse,verse,6,150.0,180.0,trap,aggressive|dark,808 bass|trap hi-hats|piano,0.60,narrative build,owned,"verse, 77 BPM, F minor, aggressive trap beat, 808 bass|trap hi-hats|piano, medium energy"
10152023_-_030_-__FREE__Gunna_x_Young_Thug_Type_Beat__Rolex_seg006,"10152023 - 030 - (FREE) Gunna x Young Thug Type Beat ""Rolex""",outro,outro,7,180.0,210.0,trap,aggressive|dark,808 bass|trap hi-hats|piano,0.25,closing,owned,"outro, 77 BPM, F minor, aggressive trap beat, 808 bass|trap hi-hats|piano, low energy"
10152023_-_031_-__FREE__Gunna_Type_Beat_-_Over_It_seg000,"10152023 - 031 - [FREE] Gunna Type Beat -""Over It""",intro,intro,1,0.0,30.0,trap,dark|atmospheric,808 bass|trap hi-hats,0.30,sparse opening,owned,"intro, 107 BPM, F minor, dark trap beat, 808 bass|trap hi-hats, low energy"
10152023_-_031_-__FREE__Gunna_Type_Beat_-_Over_It_seg001,"10152023 - 031 - [FREE] Gunna Type Beat -""Over It""",verse,verse,2,30.0,60.0,trap,dark|atmospheric,808 bass|trap hi-hats,0.60,narrative build,owned,"verse, 107 BPM, F minor, dark trap beat, 808 bass|trap hi-hats, medium energy"
10152023_-_031_-__FREE__Gunna_Type_Beat_-_Over_It_seg002,"10152023 - 031 - [FREE] Gunna Type Beat -""Over It""",hook,hook,3,60.0,90.0,trap,dark|atmospheric,808 bass|trap hi-hats,0.90,central hook,owned,"hook, 107 BPM, F minor, dark trap beat, 808 bass|trap hi-hats, high energy"
10152023_-_031_-__FREE__Gunna_Type_Beat_-_Over_It_seg003,"10152023 - 031 - [FREE] Gunna Type Beat -""Over It""",verse,verse,4,90.0,120.0,trap,dark|atmospheric,808 bass|trap hi-hats,0.60,narrative build,owned,"verse, 107 BPM, F minor, dark trap beat, 808 bass|trap hi-hats, medium energy"
10152023_-_031_-__FREE__Gunna_Type_Beat_-_Over_It_seg004,"10152023 - 031 - [FREE] Gunna Type Beat -""Over It""",hook,hook,5,120.0,150.0,trap,dark|atmospheric,808 bass|trap hi-hats,0.90,central hook,owned,"hook, 107 BPM, F minor, dark trap beat, 808 bass|trap hi-hats, high energy"
10152023_-_031_-__FREE__Gunna_Type_Beat_-_Over_It_seg005,"10152023 - 031 - [FREE] Gunna Type Beat -""Over It""",verse,verse,6,150.0,180.0,trap,dark|atmospheric,808 bass|trap hi-hats,0.60,narrative build,owned,"verse, 107 BPM, F minor, dark trap beat, 808 bass|trap hi-hats, medium energy"
10152023_-_031_-__FREE__Gunna_Type_Beat_-_Over_It_seg006,"10152023 - 031 - [FREE] Gunna Type Beat -""Over It""",bridge,bridge,7,180.0,210.0,trap,dark|atmospheric,808 bass|trap hi-hats,0.50,transition,owned,"bridge, 107 BPM, F minor, dark trap beat, 808 bass|trap hi-hats, medium energy"
10152023_-_031_-__FREE__Gunna_Type_Beat_-_Over_It_seg007,"10152023 - 031 - [FREE] Gunna Type Beat -""Over It""",outro,outro,8,210.0,240.0,trap,dark|atmospheric,808 bass|trap hi-hats,0.25,closing,owned,"outro, 107 BPM, F minor, dark trap beat, 808 bass|trap hi-hats, low energy"
10152023_-_032_-__SOLD__GUNNA_x_YOUNG_THUG_TYPE_BEAT_-__THE_HILLS_seg000,10152023 - 032 - [SOLD] GUNNA x YOUNG THUG TYPE BEAT - ''THE HILLS'',intro,intro,1,0.0,30.0,trap,aggressive|dark,808 bass|trap hi-hats|piano,0.30,sparse opening,owned,"intro, 114 BPM, F minor, aggressive trap beat, 808 bass|trap hi-hats|piano, low energy"
10152023_-_032_-__SOLD__GUNNA_x_YOUNG_THUG_TYPE_BEAT_-__THE_HILLS_seg001,10152023 - 032 - [SOLD] GUNNA x YOUNG THUG TYPE BEAT - ''THE HILLS'',verse,verse,2,30.0,60.0,trap,aggressive|dark,808 bass|trap hi-hats|piano,0.60,narrative build,owned,"verse, 114 BPM, F minor, aggressive trap beat, 808 bass|trap hi-hats|piano, medium energy"
10152023_-_032_-__SOLD__GUNNA_x_YOUNG_THUG_TYPE_BEAT_-__THE_HILLS_seg002,10152023 - 032 - [SOLD] GUNNA x YOUNG THUG TYPE BEAT - ''THE HILLS'',hook,hook,3,60.0,90.0,trap,aggressive|dark,808 bass|trap hi-hats|piano,0.90,central hook,owned,"hook, 114 BPM, F minor, aggressive trap beat, 808 bass|trap hi-hats|piano, high energy"
10152023_-_032_-__SOLD__GUNNA_x_YOUNG_THUG_TYPE_BEAT_-__THE_HILLS_seg003,10152023 - 032 - [SOLD] GUNNA x YOUNG THUG TYPE BEAT - ''THE HILLS'',verse,verse,4,90.0,120.0,trap,aggressive|dark,808 bass|trap hi-hats|piano,0.60,narrative build,owned,"verse, 114 BPM, F minor, aggressive trap beat, 808 bass|trap hi-hats|piano, medium energy"
10152023_-_032_-__SOLD__GUNNA_x_YOUNG_THUG_TYPE_BEAT_-__THE_HILLS_seg004,10152023 - 032 - [SOLD] GUNNA x YOUNG THUG TYPE BEAT - ''THE HILLS'',hook,hook,5,120.0,150.0,trap,aggressive|dark,808 bass|trap hi-hats|piano,0.90,central hook,owned,"hook, 114 BPM, F minor, aggressive trap beat, 808 bass|trap hi-hats|piano, high energy"
10152023_-_032_-__SOLD__GUNNA_x_YOUNG_THUG_TYPE_BEAT_-__THE_HILLS_seg005,10152023 - 032 - [SOLD] GUNNA x YOUNG THUG TYPE BEAT - ''THE HILLS'',outro,outro,6,150.0,180.0,trap,aggressive|dark,808 bass|trap hi-hats|piano,0.25,closing,owned,"outro, 114 BPM, F minor, aggressive trap beat, 808 bass|trap hi-hats|piano, low energy"
10152023_-_033_-__FREE__Key_Glock_x_Young_Dolph_Type_Beat_2023_-__Don_Julio_seg000,"10152023 - 033 - (FREE) Key Glock x Young Dolph Type Beat 2023 - ""Don Julio""",intro,intro,1,0.0,30.0,trap,dark|atmospheric,808 bass|trap hi-hats,0.30,sparse opening,owned,"intro, 125 BPM, C major, dark trap beat, 808 bass|trap hi-hats, low energy"
10152023_-_033_-__FREE__Key_Glock_x_Young_Dolph_Type_Beat_2023_-__Don_Julio_seg001,"10152023 - 033 - (FREE) Key Glock x Young Dolph Type Beat 2023 - ""Don Julio""",verse,verse,2,30.0,60.0,trap,dark|atmospheric,808 bass|trap hi-hats,0.60,narrative build,owned,"verse, 125 BPM, C major, dark trap beat, 808 bass|trap hi-hats, medium energy"
10152023_-_033_-__FREE__Key_Glock_x_Young_Dolph_Type_Beat_2023_-__Don_Julio_seg002,"10152023 - 033 - (FREE) Key Glock x Young Dolph Type Beat 2023 - ""Don Julio""",hook,hook,3,60.0,90.0,trap,dark|atmospheric,808 bass|trap hi-hats,0.90,central hook,owned,"hook, 125 BPM, C major, dark trap beat, 808 bass|trap hi-hats, high energy"
10152023_-_033_-__FREE__Key_Glock_x_Young_Dolph_Type_Beat_2023_-__Don_Julio_seg003,"10152023 - 033 - (FREE) Key Glock x Young Dolph Type Beat 2023 - ""Don Julio""",verse,verse,4,90.0,120.0,trap,dark|atmospheric,808 bass|trap hi-hats,0.60,narrative build,owned,"verse, 125 BPM, C major, dark trap beat, 808 bass|trap hi-hats, medium energy"
10152023_-_033_-__FREE__Key_Glock_x_Young_Dolph_Type_Beat_2023_-__Don_Julio_seg004,"10152023 - 033 - (FREE) Key Glock x Young Dolph Type Beat 2023 - ""Don Julio""",hook,hook,5,120.0,150.0,trap,dark|atmospheric,808 bass|trap hi-hats,0.90,central hook,owned,"hook, 125 BPM, C major, dark trap beat, 808 bass|trap hi-hats, high energy"
10152023_-_033_-__FREE__Key_Glock_x_Young_Dolph_Type_Beat_2023_-__Don_Julio_seg005,"10152023 - 033 - (FREE) Key Glock x Young Dolph Type Beat 2023 - ""Don Julio""",outro,outro,6,150.0,180.0,trap,dark|atmospheric,808 bass|trap hi-hats,0.25,closing,owned,"outro, 125 BPM, C major, dark trap beat, 808 bass|trap hi-hats, low energy"
10152023_-_034_-_Young_Thug_x_Gunna_Type_Beat_-_High_Fashion_seg000,10152023 - 034 - Young Thug x Gunna Type Beat - High Fashion,intro,intro,1,0.0,30.0,trap,aggressive|dark,808 bass|trap hi-hats|piano,0.30,sparse opening,owned,"intro, 117 BPM, F minor, aggressive trap beat, 808 bass|trap hi-hats|piano, low energy"
10152023_-_034_-_Young_Thug_x_Gunna_Type_Beat_-_High_Fashion_seg001,10152023 - 034 - Young Thug x Gunna Type Beat - High Fashion,verse,verse,2,30.0,60.0,trap,aggressive|dark,808 bass|trap hi-hats|piano,0.60,narrative build,owned,"verse, 117 BPM, F minor, aggressive trap beat, 808 bass|trap hi-hats|piano, medium energy"
10152023_-_034_-_Young_Thug_x_Gunna_Type_Beat_-_High_Fashion_seg002,10152023 - 034 - Young Thug x Gunna Type Beat - High Fashion,hook,hook,3,60.0,90.0,trap,aggressive|dark,808 bass|trap hi-hats|piano,0.90,central hook,owned,"hook, 117 BPM, F minor, aggressive trap beat, 808 bass|trap hi-hats|piano, high energy"
10152023_-_034_-_Young_Thug_x_Gunna_Type_Beat_-_High_Fashion_seg003,10152023 - 034 - Young Thug x Gunna Type Beat - High Fashion,verse,verse,4,90.0,120.0,trap,aggressive|dark,808 bass|trap hi-hats|piano,0.60,narrative build,owned,"verse, 117 BPM, F minor, aggressive trap beat, 808 bass|trap hi-hats|piano, medium energy"
10152023_-_034_-_Young_Thug_x_Gunna_Type_Beat_-_High_Fashion_seg004,10152023 - 034 - Young Thug x Gunna Type Beat - High Fashion,hook,hook,5,120.0,150.0,trap,aggressive|dark,808 bass|trap hi-hats|piano,0.90,central hook,owned,"hook, 117 BPM, F minor, aggressive trap beat, 808 bass|trap hi-hats|piano, high energy"
10152023_-_034_-_Young_Thug_x_Gunna_Type_Beat_-_High_Fashion_seg005,10152023 - 034 - Young Thug x Gunna Type Beat - High Fashion,verse,verse,6,150.0,180.0,trap,aggressive|dark,808 bass|trap hi-hats|piano,0.60,narrative build,owned,"verse, 117 BPM, F minor, aggressive trap beat, 808 bass|trap hi-hats|piano, medium energy"
10152023_-_034_-_Young_Thug_x_Gunna_Type_Beat_-_High_Fashion_seg006,10152023 - 034 - Young Thug x Gunna Type Beat - High Fashion,bridge,bridge,7,180.0,210.0,trap,aggressive|dark,808 bass|trap hi-hats|piano,0.50,transition,owned,"bridge, 117 BPM, F minor, aggressive trap beat, 808 bass|trap hi-hats|piano, medium energy"
10152023_-_034_-_Young_Thug_x_Gunna_Type_Beat_-_High_Fashion_seg007,10152023 - 034 - Young Thug x Gunna Type Beat - High Fashion,outro,outro,8,210.0,240.0,trap,aggressive|dark,808 bass|trap hi-hats|piano,0.25,closing,owned,"outro, 117 BPM, F minor, aggressive trap beat, 808 bass|trap hi-hats|piano, low energy"
10152023_-_037_-__FREE__Gunna_x_Young_Thug_Type_Beat_-__Strapped_seg000,"10152023 - 037 - [FREE] Gunna x Young Thug Type Beat - ""Strapped""",intro,intro,1,0.0,30.0,trap,aggressive|dark,808 bass|trap hi-hats|piano,0.30,sparse opening,owned,"intro, 94 BPM, G major, aggressive trap beat, 808 bass|trap hi-hats|piano, low energy"
10152023_-_037_-__FREE__Gunna_x_Young_Thug_Type_Beat_-__Strapped_seg001,"10152023 - 037 - [FREE] Gunna x Young Thug Type Beat - ""Strapped""",verse,verse,2,30.0,60.0,trap,aggressive|dark,808 bass|trap hi-hats|piano,0.60,narrative build,owned,"verse, 94 BPM, G major, aggressive trap beat, 808 bass|trap hi-hats|piano, medium energy"
10152023_-_037_-__FREE__Gunna_x_Young_Thug_Type_Beat_-__Strapped_seg002,"10152023 - 037 - [FREE] Gunna x Young Thug Type Beat - ""Strapped""",hook,hook,3,60.0,90.0,trap,aggressive|dark,808 bass|trap hi-hats|piano,0.90,central hook,owned,"hook, 94 BPM, G major, aggressive trap beat, 808 bass|trap hi-hats|piano, high energy"
10152023_-_037_-__FREE__Gunna_x_Young_Thug_Type_Beat_-__Strapped_seg003,"10152023 - 037 - [FREE] Gunna x Young Thug Type Beat - ""Strapped""",verse,verse,4,90.0,120.0,trap,aggressive|dark,808 bass|trap hi-hats|piano,0.60,narrative build,owned,"verse, 94 BPM, G major, aggressive trap beat, 808 bass|trap hi-hats|piano, medium energy"
10152023_-_037_-__FREE__Gunna_x_Young_Thug_Type_Beat_-__Strapped_seg004,"10152023 - 037 - [FREE] Gunna x Young Thug Type Beat - ""Strapped""",hook,hook,5,120.0,150.0,trap,aggressive|dark,808 bass|trap hi-hats|piano,0.90,central hook,owned,"hook, 94 BPM, G major, aggressive trap beat, 808 bass|trap hi-hats|piano, high energy"
10152023_-_037_-__FREE__Gunna_x_Young_Thug_Type_Beat_-__Strapped_seg005,"10152023 - 037 - [FREE] Gunna x Young Thug Type Beat - ""Strapped""",outro,outro,6,150.0,180.0,trap,aggressive|dark,808 bass|trap hi-hats|piano,0.25,closing,owned,"outro, 94 BPM, G major, aggressive trap beat, 808 bass|trap hi-hats|piano, low energy"
10152023_-_038_-__FREE__Gunna_Type_Beat_-__Lion_Eyes_seg000,"10152023 - 038 - [FREE] Gunna Type Beat - ""Lion Eyes""",intro,intro,1,0.0,30.0,trap,dark|atmospheric,808 bass|trap hi-hats,0.30,sparse opening,owned,"intro, 156 BPM, D# minor, dark trap beat, 808 bass|trap hi-hats, low energy"
10152023_-_038_-__FREE__Gunna_Type_Beat_-__Lion_Eyes_seg001,"10152023 - 038 - [FREE] Gunna Type Beat - ""Lion Eyes""",verse,verse,2,30.0,60.0,trap,dark|atmospheric,808 bass|trap hi-hats,0.60,narrative build,owned,"verse, 156 BPM, D# minor, dark trap beat, 808 bass|trap hi-hats, medium energy"
10152023_-_038_-__FREE__Gunna_Type_Beat_-__Lion_Eyes_seg002,"10152023 - 038 - [FREE] Gunna Type Beat - ""Lion Eyes""",hook,hook,3,60.0,90.0,trap,dark|atmospheric,808 bass|trap hi-hats,0.90,central hook,owned,"hook, 156 BPM, D# minor, dark trap beat, 808 bass|trap hi-hats, high energy"
10152023_-_038_-__FREE__Gunna_Type_Beat_-__Lion_Eyes_seg003,"10152023 - 038 - [FREE] Gunna Type Beat - ""Lion Eyes""",verse,verse,4,90.0,120.0,trap,dark|atmospheric,808 bass|trap hi-hats,0.60,narrative build,owned,"verse, 156 BPM, D# minor, dark trap beat, 808 bass|trap hi-hats, medium energy"
10152023_-_038_-__FREE__Gunna_Type_Beat_-__Lion_Eyes_seg004,"10152023 - 038 - [FREE] Gunna Type Beat - ""Lion Eyes""",hook,hook,5,120.0,150.0,trap,dark|atmospheric,808 bass|trap hi-hats,0.90,central hook,owned,"hook, 156 BPM, D# minor, dark trap beat, 808 bass|trap hi-hats, high energy"
10152023_-_038_-__FREE__Gunna_Type_Beat_-__Lion_Eyes_seg005,"10152023 - 038 - [FREE] Gunna Type Beat - ""Lion Eyes""",outro,outro,6,150.0,180.0,trap,dark|atmospheric,808 bass|trap hi-hats,0.25,closing,owned,"outro, 156 BPM, D# minor, dark trap beat, 808 bass|trap hi-hats, low energy"
10152023_-_039_-__FREE__Kodak_Black_Type_Beat_-__Thanks_To_You_seg000,"10152023 - 039 - (FREE) Kodak Black Type Beat - ""Thanks To You""",intro,intro,1,0.0,30.0,melodic trap,emotional|reflective,808 bass|bells|trap hi-hats,0.30,sparse opening,owned,"intro, 129 BPM, C# major, emotional melodic trap beat, 808 bass|bells|trap hi-hats, low energy"
10152023_-_039_-__FREE__Kodak_Black_Type_Beat_-__Thanks_To_You_seg001,"10152023 - 039 - (FREE) Kodak Black Type Beat - ""Thanks To You""",verse,verse,2,30.0,60.0,melodic trap,emotional|reflective,808 bass|bells|trap hi-hats,0.60,narrative build,owned,"verse, 129 BPM, C# major, emotional melodic trap beat, 808 bass|bells|trap hi-hats, medium energy"
10152023_-_039_-__FREE__Kodak_Black_Type_Beat_-__Thanks_To_You_seg002,"10152023 - 039 - (FREE) Kodak Black Type Beat - ""Thanks To You""",hook,hook,3,60.0,90.0,melodic trap,emotional|reflective,808 bass|bells|trap hi-hats,0.90,central hook,owned,"hook, 129 BPM, C# major, emotional melodic trap beat, 808 bass|bells|trap hi-hats, high energy"
10152023_-_039_-__FREE__Kodak_Black_Type_Beat_-__Thanks_To_You_seg003,"10152023 - 039 - (FREE) Kodak Black Type Beat - ""Thanks To You""",verse,verse,4,90.0,120.0,melodic trap,emotional|reflective,808 bass|bells|trap hi-hats,0.60,narrative build,owned,"verse, 129 BPM, C# major, emotional melodic trap beat, 808 bass|bells|trap hi-hats, medium energy"
10152023_-_039_-__FREE__Kodak_Black_Type_Beat_-__Thanks_To_You_seg004,"10152023 - 039 - (FREE) Kodak Black Type Beat - ""Thanks To You""",hook,hook,5,120.0,150.0,melodic trap,emotional|reflective,808 bass|bells|trap hi-hats,0.90,central hook,owned,"hook, 129 BPM, C# major, emotional melodic trap beat, 808 bass|bells|trap hi-hats, high energy"
10152023_-_039_-__FREE__Kodak_Black_Type_Beat_-__Thanks_To_You_seg005,"10152023 - 039 - (FREE) Kodak Black Type Beat - ""Thanks To You""",verse,verse,6,150.0,180.0,melodic trap,emotional|reflective,808 bass|bells|trap hi-hats,0.60,narrative build,owned,"verse, 129 BPM, C# major, emotional melodic trap beat, 808 bass|bells|trap hi-hats, medium energy"
10152023_-_039_-__FREE__Kodak_Black_Type_Beat_-__Thanks_To_You_seg006,"10152023 - 039 - (FREE) Kodak Black Type Beat - ""Thanks To You""",bridge,bridge,7,180.0,210.0,melodic trap,emotional|reflective,808 bass|bells|trap hi-hats,0.50,transition,owned,"bridge, 129 BPM, C# major, emotional melodic trap beat, 808 bass|bells|trap hi-hats, medium energy"
10152023_-_039_-__FREE__Kodak_Black_Type_Beat_-__Thanks_To_You_seg007,"10152023 - 039 - (FREE) Kodak Black Type Beat - ""Thanks To You""",outro,outro,8,210.0,240.0,melodic trap,emotional|reflective,808 bass|bells|trap hi-hats,0.25,closing,owned,"outro, 129 BPM, C# major, emotional melodic trap beat, 808 bass|bells|trap hi-hats, low energy"
10152023_-_040_-__FREE__Moneybagg_Yo_Type_beat_x_Key_Glock_Type_Beat__No_hook_seg000,"10152023 - 040 - [FREE] Moneybagg Yo Type beat x Key Glock Type Beat ""'No hook""",intro,intro,1,0.0,30.0,trap,dark|atmospheric,808 bass|trap hi-hats,0.30,sparse opening,owned,"intro, 134 BPM, D# minor, dark trap beat, 808 bass|trap hi-hats, low energy"
10152023_-_040_-__FREE__Moneybagg_Yo_Type_beat_x_Key_Glock_Type_Beat__No_hook_seg001,"10152023 - 040 - [FREE] Moneybagg Yo Type beat x Key Glock Type Beat ""'No hook""",verse,verse,2,30.0,60.0,trap,dark|atmospheric,808 bass|trap hi-hats,0.60,narrative build,owned,"verse, 134 BPM, D# minor, dark trap beat, 808 bass|trap hi-hats, medium energy"
10152023_-_040_-__FREE__Moneybagg_Yo_Type_beat_x_Key_Glock_Type_Beat__No_hook_seg002,"10152023 - 040 - [FREE] Moneybagg Yo Type beat x Key Glock Type Beat ""'No hook""",hook,hook,3,60.0,90.0,trap,dark|atmospheric,808 bass|trap hi-hats,0.90,central hook,owned,"hook, 134 BPM, D# minor, dark trap beat, 808 bass|trap hi-hats, high energy"
10152023_-_040_-__FREE__Moneybagg_Yo_Type_beat_x_Key_Glock_Type_Beat__No_hook_seg003,"10152023 - 040 - [FREE] Moneybagg Yo Type beat x Key Glock Type Beat ""'No hook""",verse,verse,4,90.0,120.0,trap,dark|atmospheric,808 bass|trap hi-hats,0.60,narrative build,owned,"verse, 134 BPM, D# minor, dark trap beat, 808 bass|trap hi-hats, medium energy"
10152023_-_040_-__FREE__Moneybagg_Yo_Type_beat_x_Key_Glock_Type_Beat__No_hook_seg004,"10152023 - 040 - [FREE] Moneybagg Yo Type beat x Key Glock Type Beat ""'No hook""",hook,hook,5,120.0,150.0,trap,dark|atmospheric,808 bass|trap hi-hats,0.90,central hook,owned,"hook, 134 BPM, D# minor, dark trap beat, 808 bass|trap hi-hats, high energy"
10152023_-_040_-__FREE__Moneybagg_Yo_Type_beat_x_Key_Glock_Type_Beat__No_hook_seg005,"10152023 - 040 - [FREE] Moneybagg Yo Type beat x Key Glock Type Beat ""'No hook""",verse,verse,6,150.0,180.0,trap,dark|atmospheric,808 bass|trap hi-hats,0.60,narrative build,owned,"verse, 134 BPM, D# minor, dark trap beat, 808 bass|trap hi-hats, medium energy"
10152023_-_040_-__FREE__Moneybagg_Yo_Type_beat_x_Key_Glock_Type_Beat__No_hook_seg006,"10152023 - 040 - [FREE] Moneybagg Yo Type beat x Key Glock Type Beat ""'No hook""",bridge,bridge,7,180.0,210.0,trap,dark|atmospheric,808 bass|trap hi-hats,0.50,transition,owned,"bridge, 134 BPM, D# minor, dark trap beat, 808 bass|trap hi-hats, medium energy"
10152023_-_040_-__FREE__Moneybagg_Yo_Type_beat_x_Key_Glock_Type_Beat__No_hook_seg007,"10152023 - 040 - [FREE] Moneybagg Yo Type beat x Key Glock Type Beat ""'No hook""",outro,outro,8,210.0,240.0,trap,dark|atmospheric,808 bass|trap hi-hats,0.25,closing,owned,"outro, 134 BPM, D# minor, dark trap beat, 808 bass|trap hi-hats, low energy"
10152023_-_041_-__FREE__Gunna_Type_Beat_2023_-__go_crazy____Guitar_Type_Beat_seg000,"10152023 - 041 - [FREE] Gunna Type Beat 2023 - ""go crazy"" | Guitar Type Beat",intro,intro,1,0.0,30.0,trap,dark|atmospheric,808 bass|trap hi-hats,0.30,sparse opening,owned,"intro, 134 BPM, C minor, dark trap beat, 808 bass|trap hi-hats, low energy"
10152023_-_041_-__FREE__Gunna_Type_Beat_2023_-__go_crazy____Guitar_Type_Beat_seg001,"10152023 - 041 - [FREE] Gunna Type Beat 2023 - ""go crazy"" | Guitar Type Beat",verse,verse,2,30.0,60.0,trap,dark|atmospheric,808 bass|trap hi-hats,0.60,narrative build,owned,"verse, 134 BPM, C minor, dark trap beat, 808 bass|trap hi-hats, medium energy"
10152023_-_041_-__FREE__Gunna_Type_Beat_2023_-__go_crazy____Guitar_Type_Beat_seg002,"10152023 - 041 - [FREE] Gunna Type Beat 2023 - ""go crazy"" | Guitar Type Beat",hook,hook,3,60.0,90.0,trap,dark|atmospheric,808 bass|trap hi-hats,0.90,central hook,owned,"hook, 134 BPM, C minor, dark trap beat, 808 bass|trap hi-hats, high energy"
10152023_-_041_-__FREE__Gunna_Type_Beat_2023_-__go_crazy____Guitar_Type_Beat_seg003,"10152023 - 041 - [FREE] Gunna Type Beat 2023 - ""go crazy"" | Guitar Type Beat",verse,verse,4,90.0,120.0,trap,dark|atmospheric,808 bass|trap hi-hats,0.60,narrative build,owned,"verse, 134 BPM, C minor, dark trap beat, 808 bass|trap hi-hats, medium energy"
10152023_-_041_-__FREE__Gunna_Type_Beat_2023_-__go_crazy____Guitar_Type_Beat_seg004,"10152023 - 041 - [FREE] Gunna Type Beat 2023 - ""go crazy"" | Guitar Type Beat",hook,hook,5,120.0,150.0,trap,dark|atmospheric,808 bass|trap hi-hats,0.90,central hook,owned,"hook, 134 BPM, C minor, dark trap beat, 808 bass|trap hi-hats, high energy"
10152023_-_041_-__FREE__Gunna_Type_Beat_2023_-__go_crazy____Guitar_Type_Beat_seg005,"10152023 - 041 - [FREE] Gunna Type Beat 2023 - ""go crazy"" | Guitar Type Beat",outro,outro,6,150.0,180.0,trap,dark|atmospheric,808 bass|trap hi-hats,0.25,closing,owned,"outro, 134 BPM, C minor, dark trap beat, 808 bass|trap hi-hats, low energy"
40E44C89-D212-4D96-BCB4-41D39EB9C2E2_seg000,40E44C89-D212-4D96-BCB4-41D39EB9C2E2,intro,intro,1,0.0,30.0,trap,dark|atmospheric,808 bass|trap hi-hats,0.30,sparse opening,owned,"intro, 101 BPM, G# minor, dark trap beat, 808 bass|trap hi-hats, low energy"
40E44C89-D212-4D96-BCB4-41D39EB9C2E2_seg001,40E44C89-D212-4D96-BCB4-41D39EB9C2E2,verse,verse,2,30.0,60.0,trap,dark|atmospheric,808 bass|trap hi-hats,0.60,narrative build,owned,"verse, 101 BPM, G# minor, dark trap beat, 808 bass|trap hi-hats, medium energy"
40E44C89-D212-4D96-BCB4-41D39EB9C2E2_seg002,40E44C89-D212-4D96-BCB4-41D39EB9C2E2,hook,hook,3,60.0,90.0,trap,dark|atmospheric,808 bass|trap hi-hats,0.90,central hook,owned,"hook, 101 BPM, G# minor, dark trap beat, 808 bass|trap hi-hats, high energy"
40E44C89-D212-4D96-BCB4-41D39EB9C2E2_seg003,40E44C89-D212-4D96-BCB4-41D39EB9C2E2,verse,verse,4,90.0,120.0,trap,dark|atmospheric,808 bass|trap hi-hats,0.60,narrative build,owned,"verse, 101 BPM, G# minor, dark trap beat, 808 bass|trap hi-hats, medium energy"
40E44C89-D212-4D96-BCB4-41D39EB9C2E2_seg004,40E44C89-D212-4D96-BCB4-41D39EB9C2E2,hook,hook,5,120.0,150.0,trap,dark|atmospheric,808 bass|trap hi-hats,0.90,central hook,owned,"hook, 101 BPM, G# minor, dark trap beat, 808 bass|trap hi-hats, high energy"
40E44C89-D212-4D96-BCB4-41D39EB9C2E2_seg005,40E44C89-D212-4D96-BCB4-41D39EB9C2E2,verse,verse,6,150.0,180.0,trap,dark|atmospheric,808 bass|trap hi-hats,0.60,narrative build,owned,"verse, 101 BPM, G# minor, dark trap beat, 808 bass|trap hi-hats, medium energy"
40E44C89-D212-4D96-BCB4-41D39EB9C2E2_seg006,40E44C89-D212-4D96-BCB4-41D39EB9C2E2,outro,outro,7,180.0,210.0,trap,dark|atmospheric,808 bass|trap hi-hats,0.25,closing,owned,"outro, 101 BPM, G# minor, dark trap beat, 808 bass|trap hi-hats, low energy"
6A81D28E-5DC5-4921-A65B-5F060CD474E8_seg000,6A81D28E-5DC5-4921-A65B-5F060CD474E8,intro,intro,1,0.0,30.0,trap,dark|atmospheric,808 bass|trap hi-hats,0.30,sparse opening,owned,"intro, 144 BPM, E minor, dark trap beat, 808 bass|trap hi-hats, low energy"
6A81D28E-5DC5-4921-A65B-5F060CD474E8_seg001,6A81D28E-5DC5-4921-A65B-5F060CD474E8,verse,verse,2,30.0,60.0,trap,dark|atmospheric,808 bass|trap hi-hats,0.60,narrative build,owned,"verse, 144 BPM, E minor, dark trap beat, 808 bass|trap hi-hats, medium energy"
6A81D28E-5DC5-4921-A65B-5F060CD474E8_seg002,6A81D28E-5DC5-4921-A65B-5F060CD474E8,hook,hook,3,60.0,90.0,trap,dark|atmospheric,808 bass|trap hi-hats,0.90,central hook,owned,"hook, 144 BPM, E minor, dark trap beat, 808 bass|trap hi-hats, high energy"
6A81D28E-5DC5-4921-A65B-5F060CD474E8_seg003,6A81D28E-5DC5-4921-A65B-5F060CD474E8,verse,verse,4,90.0,120.0,trap,dark|atmospheric,808 bass|trap hi-hats,0.60,narrative build,owned,"verse, 144 BPM, E minor, dark trap beat, 808 bass|trap hi-hats, medium energy"
6A81D28E-5DC5-4921-A65B-5F060CD474E8_seg004,6A81D28E-5DC5-4921-A65B-5F060CD474E8,hook,hook,5,120.0,150.0,trap,dark|atmospheric,808 bass|trap hi-hats,0.90,central hook,owned,"hook, 144 BPM, E minor, dark trap beat, 808 bass|trap hi-hats, high energy"
6A81D28E-5DC5-4921-A65B-5F060CD474E8_seg005,6A81D28E-5DC5-4921-A65B-5F060CD474E8,verse,verse,6,150.0,180.0,trap,dark|atmospheric,808 bass|trap hi-hats,0.60,narrative build,owned,"verse, 144 BPM, E minor, dark trap beat, 808 bass|trap hi-hats, medium energy"
6A81D28E-5DC5-4921-A65B-5F060CD474E8_seg006,6A81D28E-5DC5-4921-A65B-5F060CD474E8,outro,outro,7,180.0,210.0,trap,dark|atmospheric,808 bass|trap hi-hats,0.25,closing,owned,"outro, 144 BPM, E minor, dark trap beat, 808 bass|trap hi-hats, low energy"
nbbbb_-_016_-__FREE__NBA_Youngboy_Type_Beat_2026__THUG_YOU____Aggressive___Hard_seg000,nbbbb - 016 - (FREE) NBA Youngboy Type Beat 2026 'THUG YOU' | Aggressive & Hard,intro,intro,1,0.0,30.0,trap,aggressive|dark,808 bass|trap hi-hats|piano,0.30,sparse opening,owned,"intro, 156 BPM, G major, aggressive trap beat, 808 bass|trap hi-hats|piano, low energy"
nbbbb_-_016_-__FREE__NBA_Youngboy_Type_Beat_2026__THUG_YOU____Aggressive___Hard_seg001,nbbbb - 016 - (FREE) NBA Youngboy Type Beat 2026 'THUG YOU' | Aggressive & Hard,verse,verse,2,30.0,60.0,trap,aggressive|dark,808 bass|trap hi-hats|piano,0.60,narrative build,owned,"verse, 156 BPM, G major, aggressive trap beat, 808 bass|trap hi-hats|piano, medium energy"
nbbbb_-_016_-__FREE__NBA_Youngboy_Type_Beat_2026__THUG_YOU____Aggressive___Hard_seg002,nbbbb - 016 - (FREE) NBA Youngboy Type Beat 2026 'THUG YOU' | Aggressive & Hard,hook,hook,3,60.0,90.0,trap,aggressive|dark,808 bass|trap hi-hats|piano,0.90,central hook,owned,"hook, 156 BPM, G major, aggressive trap beat, 808 bass|trap hi-hats|piano, high energy"
nbbbb_-_016_-__FREE__NBA_Youngboy_Type_Beat_2026__THUG_YOU____Aggressive___Hard_seg003,nbbbb - 016 - (FREE) NBA Youngboy Type Beat 2026 'THUG YOU' | Aggressive & Hard,verse,verse,4,90.0,120.0,trap,aggressive|dark,808 bass|trap hi-hats|piano,0.60,narrative build,owned,"verse, 156 BPM, G major, aggressive trap beat, 808 bass|trap hi-hats|piano, medium energy"
nbbbb_-_016_-__FREE__NBA_Youngboy_Type_Beat_2026__THUG_YOU____Aggressive___Hard_seg004,nbbbb - 016 - (FREE) NBA Youngboy Type Beat 2026 'THUG YOU' | Aggressive & Hard,hook,hook,5,120.0,150.0,trap,aggressive|dark,808 bass|trap hi-hats|piano,0.90,central hook,owned,"hook, 156 BPM, G major, aggressive trap beat, 808 bass|trap hi-hats|piano, high energy"
nbbbb_-_016_-__FREE__NBA_Youngboy_Type_Beat_2026__THUG_YOU____Aggressive___Hard_seg005,nbbbb - 016 - (FREE) NBA Youngboy Type Beat 2026 'THUG YOU' | Aggressive & Hard,outro,outro,6,150.0,180.0,trap,aggressive|dark,808 bass|trap hi-hats|piano,0.25,closing,owned,"outro, 156 BPM, G major, aggressive trap beat, 808 bass|trap hi-hats|piano, low energy"
nbbbb_-_017_-__FREE__NBA_Youngboy_Type_Beat_2026_-__Soul_Talk_seg000,nbbbb - 017 - [FREE] NBA Youngboy Type Beat 2026 - ''Soul Talk'',intro,intro,1,0.0,30.0,melodic trap,emotional|reflective,piano|808 bass|strings,0.30,sparse opening,owned,"intro, 114 BPM, G# minor, emotional melodic trap beat, piano|808 bass|strings, low energy"
nbbbb_-_017_-__FREE__NBA_Youngboy_Type_Beat_2026_-__Soul_Talk_seg001,nbbbb - 017 - [FREE] NBA Youngboy Type Beat 2026 - ''Soul Talk'',verse,verse,2,30.0,60.0,melodic trap,emotional|reflective,piano|808 bass|strings,0.60,narrative build,owned,"verse, 114 BPM, G# minor, emotional melodic trap beat, piano|808 bass|strings, medium energy"
nbbbb_-_017_-__FREE__NBA_Youngboy_Type_Beat_2026_-__Soul_Talk_seg002,nbbbb - 017 - [FREE] NBA Youngboy Type Beat 2026 - ''Soul Talk'',hook,hook,3,60.0,90.0,melodic trap,emotional|reflective,piano|808 bass|strings,0.90,central hook,owned,"hook, 114 BPM, G# minor, emotional melodic trap beat, piano|808 bass|strings, high energy"
nbbbb_-_017_-__FREE__NBA_Youngboy_Type_Beat_2026_-__Soul_Talk_seg003,nbbbb - 017 - [FREE] NBA Youngboy Type Beat 2026 - ''Soul Talk'',verse,verse,4,90.0,120.0,melodic trap,emotional|reflective,piano|808 bass|strings,0.60,narrative build,owned,"verse, 114 BPM, G# minor, emotional melodic trap beat, piano|808 bass|strings, medium energy"
nbbbb_-_017_-__FREE__NBA_Youngboy_Type_Beat_2026_-__Soul_Talk_seg004,nbbbb - 017 - [FREE] NBA Youngboy Type Beat 2026 - ''Soul Talk'',hook,hook,5,120.0,150.0,melodic trap,emotional|reflective,piano|808 bass|strings,0.90,central hook,owned,"hook, 114 BPM, G# minor, emotional melodic trap beat, piano|808 bass|strings, high energy"
nbbbb_-_017_-__FREE__NBA_Youngboy_Type_Beat_2026_-__Soul_Talk_seg005,nbbbb - 017 - [FREE] NBA Youngboy Type Beat 2026 - ''Soul Talk'',outro,outro,6,150.0,180.0,melodic trap,emotional|reflective,piano|808 bass|strings,0.25,closing,owned,"outro, 114 BPM, G# minor, emotional melodic trap beat, piano|808 bass|strings, low energy"
nbbbb_-_020_-__FREE__Kodak_Black_Type_Beat__22What_i_Feel_22_seg000,nbbbb - 020 - [FREE] Kodak Black Type Beat %22What i Feel%22,intro,intro,1,0.0,30.0,melodic trap,emotional|reflective,808 bass|bells|trap hi-hats,0.30,sparse opening,owned,"intro, 110 BPM, D minor, emotional melodic trap beat, 808 bass|bells|trap hi-hats, low energy"
nbbbb_-_020_-__FREE__Kodak_Black_Type_Beat__22What_i_Feel_22_seg001,nbbbb - 020 - [FREE] Kodak Black Type Beat %22What i Feel%22,verse,verse,2,30.0,60.0,melodic trap,emotional|reflective,808 bass|bells|trap hi-hats,0.60,narrative build,owned,"verse, 110 BPM, D minor, emotional melodic trap beat, 808 bass|bells|trap hi-hats, medium energy"
nbbbb_-_020_-__FREE__Kodak_Black_Type_Beat__22What_i_Feel_22_seg002,nbbbb - 020 - [FREE] Kodak Black Type Beat %22What i Feel%22,hook,hook,3,60.0,90.0,melodic trap,emotional|reflective,808 bass|bells|trap hi-hats,0.90,central hook,owned,"hook, 110 BPM, D minor, emotional melodic trap beat, 808 bass|bells|trap hi-hats, high energy"
nbbbb_-_020_-__FREE__Kodak_Black_Type_Beat__22What_i_Feel_22_seg003,nbbbb - 020 - [FREE] Kodak Black Type Beat %22What i Feel%22,verse,verse,4,90.0,120.0,melodic trap,emotional|reflective,808 bass|bells|trap hi-hats,0.60,narrative build,owned,"verse, 110 BPM, D minor, emotional melodic trap beat, 808 bass|bells|trap hi-hats, medium energy"
nbbbb_-_020_-__FREE__Kodak_Black_Type_Beat__22What_i_Feel_22_seg004,nbbbb - 020 - [FREE] Kodak Black Type Beat %22What i Feel%22,hook,hook,5,120.0,150.0,melodic trap,emotional|reflective,808 bass|bells|trap hi-hats,0.90,central hook,owned,"hook, 110 BPM, D minor, emotional melodic trap beat, 808 bass|bells|trap hi-hats, high energy"
nbbbb_-_020_-__FREE__Kodak_Black_Type_Beat__22What_i_Feel_22_seg005,nbbbb - 020 - [FREE] Kodak Black Type Beat %22What i Feel%22,verse,verse,6,150.0,180.0,melodic trap,emotional|reflective,808 bass|bells|trap hi-hats,0.60,narrative build,owned,"verse, 110 BPM, D minor, emotional melodic trap beat, 808 bass|bells|trap hi-hats, medium energy"
nbbbb_-_020_-__FREE__Kodak_Black_Type_Beat__22What_i_Feel_22_seg006,nbbbb - 020 - [FREE] Kodak Black Type Beat %22What i Feel%22,bridge,bridge,7,180.0,210.0,melodic trap,emotional|reflective,808 bass|bells|trap hi-hats,0.50,transition,owned,"bridge, 110 BPM, D minor, emotional melodic trap beat, 808 bass|bells|trap hi-hats, medium energy"
nbbbb_-_020_-__FREE__Kodak_Black_Type_Beat__22What_i_Feel_22_seg007,nbbbb - 020 - [FREE] Kodak Black Type Beat %22What i Feel%22,hook,hook,8,210.0,240.0,melodic trap,emotional|reflective,808 bass|bells|trap hi-hats,0.90,central hook,owned,"hook, 110 BPM, D minor, emotional melodic trap beat, 808 bass|bells|trap hi-hats, high energy"
nbbbb_-_020_-__FREE__Kodak_Black_Type_Beat__22What_i_Feel_22_seg008,nbbbb - 020 - [FREE] Kodak Black Type Beat %22What i Feel%22,outro,outro,9,240.0,270.0,melodic trap,emotional|reflective,808 bass|bells|trap hi-hats,0.25,closing,owned,"outro, 110 BPM, D minor, emotional melodic trap beat, 808 bass|bells|trap hi-hats, low energy"
nbbbb_-_020_-__FREE__Kodak_Black_Type_Beat__22What_i_Feel_22_seg009,nbbbb - 020 - [FREE] Kodak Black Type Beat %22What i Feel%22,outro,outro,10,270.0,300.0,melodic trap,emotional|reflective,808 bass|bells|trap hi-hats,0.25,closing,owned,"outro, 110 BPM, D minor, emotional melodic trap beat, 808 bass|bells|trap hi-hats, low energy"
smoke_click_seg000,smoke_click,intro,intro,1,0.0,30.0,trap,dark,kick|percussion,0.30,sparse opening,owned,"intro, 121 BPM, A major, dark trap beat, kick|percussion, low energy"
